lead_id,company_name,sector,region,product_interest,lead_source,pipeline_stage,deal_size_gbp,follow_up_count,response_time_days,win_probability,created_date,outcome
NHC-1160,Vantage Life Sciences,Hospital Pharmacy,Scotland,Oleochemicals / Lubricants,Trade Show,Prospect,6900.0,0,0,17,2023-08-05,
NHC-1212,Crest Life Sciences,Retail Pharmacy Chain,North West England,Organic Chemicals / Binders,Distributor,Negotiation,19100.0,3,25,56,2023-08-06,
NHC-1164,Altum Therapeutics,Retail Pharmacy Chain,London,Oleochemicals / Lubricants,LinkedIn Outreach,Contacted,25500.0,1,3,15,2023-08-09,
NHC-1224,Orbis API Ltd,CDMO / Generic Manufacturer,South East England,Film Coating Excipients,Cold Email,Closed Lost,90800.0,4,24,6,2023-08-13,0.0
NHC-1196,Syntek Biotech,Licensed Specials Manufacturer,Germany,Oleochemicals / Lubricants,LinkedIn Outreach,Quoted,48000.0,3,6,38,2023-08-15,
NHC-1094,Nexus Healthcare,Retail Pharmacy Chain,Germany,Organic Chemicals / Binders,Trade Show,Negotiation,29500.0,3,11,61,2023-08-16,
NHC-1000,Clarix Biologics,Retail Pharmacy Chain,London,Film Coating Excipients,LinkedIn Outreach,Negotiation,36500.0,3,17,54,2023-08-16,
NHC-1203,Vitagen Chemicals,Licensed Specials Manufacturer,Wales,Film Coating Excipients,Cold Email,Quoted,29300.0,2,11,42,2023-08-20,
NHC-1026,Crest Medical,Retail Pharmacy Chain,South East England,Oleochemicals / Lubricants,Referral,Prospect,17900.0,0,0,4,2023-08-24,
NHC-1215,Syntek Medical,Hospital Pharmacy,Yorkshire,Organic Chemicals / Binders,Cold Email,Negotiation,29100.0,3,14,67,2023-08-24,
NHC-1158,Centrix Biotech,Nutraceutical Producer,Republic of Ireland,Organic Chemicals / Binders,Distributor,Closed Won,18500.0,5,18,97,2023-08-24,1.0
NHC-1216,Calibra API Ltd,CDMO / Generic Manufacturer,Yorkshire,Film Coating Excipients,Distributor,Contacted,32700.0,2,3,30,2023-08-24,
NHC-1104,Orbis Formulations,Retail Pharmacy Chain,North West England,Organic Chemicals / Binders,Referral,Contacted,22600.0,2,2,29,2023-08-25,
NHC-1211,Enovis Life Sciences,Nutraceutical Producer,Scotland,Film Coating Excipients,Trade Show,Contacted,8500.0,1,6,30,2023-09-02,
NHC-1012,Calibra Biotech,Licensed Specials Manufacturer,South East England,Oleochemicals / Lubricants,LinkedIn Outreach,Prospect,30100.0,0,0,2,2023-09-08,
NHC-1190,Pinnacle Labs,Hospital Pharmacy,Germany,Oleochemicals / Lubricants,Cold Email,Negotiation,25200.0,4,30,62,2023-09-10,
NHC-1060,Helix Biotech,Contract Research Organisation,South East England,Oleochemicals / Lubricants,Website Enquiry,Quoted,14300.0,3,5,46,2023-09-16,
NHC-1069,Clarix Sciences,Licensed Specials Manufacturer,Midlands,Organic Chemicals / Binders,LinkedIn Outreach,Quoted,28100.0,2,7,43,2023-09-16,
NHC-1187,Syntek Pharma,CDMO / Generic Manufacturer,London,Film Coating Excipients,LinkedIn Outreach,Negotiation,50900.0,3,15,56,2023-09-19,
NHC-1137,Zenith Biotech,Hospital Pharmacy,Republic of Ireland,Oleochemicals / Lubricants,Referral,Contacted,24800.0,1,8,26,2023-09-20,
NHC-1171,Forma Pharma,CDMO / Generic Manufacturer,Germany,Film Coating Excipients,Referral,Negotiation,91200.0,4,23,58,2023-09-23,
NHC-1210,Fortis Chemicals,Licensed Specials Manufacturer,Scotland,Organic Chemicals / Binders,LinkedIn Outreach,Closed Won,41700.0,5,18,100,2023-09-27,1.0
NHC-1022,Fortis Therapeutics,CDMO / Generic Manufacturer,Scotland,Organic Chemicals / Binders,Trade Show,Prospect,67400.0,0,0,3,2023-09-29,
NHC-1120,Vantage Nutraceuticals,Hospital Pharmacy,North West England,Organic Chemicals / Binders,Distributor,Prospect,18400.0,1,0,16,2023-09-29,
NHC-1042,Meridian Biotech,CDMO / Generic Manufacturer,London,Organic Chemicals / Binders,Referral,Negotiation,80500.0,3,29,61,2023-09-30,
NHC-1096,Fortis Biologics,CDMO / Generic Manufacturer,London,Oleochemicals / Lubricants,Referral,Contacted,52400.0,1,4,28,2023-10-02,
NHC-1045,Helix Pharma,Licensed Specials Manufacturer,North West England,Organic Chemicals / Binders,Distributor,Closed Won,19100.0,5,45,100,2023-10-03,1.0
NHC-1007,Kinara API Ltd,Hospital Pharmacy,Midlands,Mixed Excipient Bundle,Website Enquiry,Contacted,9500.0,1,7,30,2023-10-18,
NHC-1107,Kinara Life Sciences,Licensed Specials Manufacturer,London,Film Coating Excipients,Cold Email,Closed Won,18400.0,4,25,100,2023-10-23,1.0
NHC-1116,Meridian Formulations,Contract Research Organisation,South East England,Organic Chemicals / Binders,Cold Email,Quoted,10000.0,3,13,42,2023-10-23,
NHC-1205,Clarix Biotech,Licensed Specials Manufacturer,South East England,Oleochemicals / Lubricants,Referral,Contacted,26700.0,1,8,18,2023-10-24,
NHC-1131,Praxis Sciences,CDMO / Generic Manufacturer,North West England,Film Coating Excipients,Referral,Closed Lost,76800.0,5,25,7,2023-10-26,0.0
NHC-1192,Syntek Chemicals,Contract Research Organisation,North West England,Film Coating Excipients,Trade Show,Quoted,7000.0,2,17,44,2023-10-28,
NHC-1231,Calibra Life Sciences,Nutraceutical Producer,Scotland,Organic Chemicals / Binders,Trade Show,Contacted,13900.0,1,3,20,2023-10-29,
NHC-1077,Solara Biotech,Hospital Pharmacy,London,Organic Chemicals / Binders,Distributor,Contacted,11400.0,1,9,28,2023-10-30,
NHC-1249,Enovis Therapeutics,CDMO / Generic Manufacturer,London,Mixed Excipient Bundle,Referral,Prospect,65800.0,1,0,6,2023-11-02,
NHC-1115,Altum Biotech,Nutraceutical Producer,London,Organic Chemicals / Binders,Referral,Negotiation,26500.0,4,10,57,2023-11-04,
NHC-1188,Vitagen Formulations,Hospital Pharmacy,London,Oleochemicals / Lubricants,Referral,Closed Won,14700.0,5,29,100,2023-11-04,1.0
NHC-1127,Altum Formulations,Retail Pharmacy Chain,Midlands,Oleochemicals / Lubricants,Trade Show,Negotiation,25000.0,4,24,56,2023-11-13,
NHC-1124,Solara Pharma,CDMO / Generic Manufacturer,South East England,Film Coating Excipients,Distributor,Negotiation,80300.0,3,29,55,2023-11-14,
NHC-1225,Helix Labs,Hospital Pharmacy,South East England,Oleochemicals / Lubricants,Trade Show,Prospect,21800.0,0,0,6,2023-11-14,
NHC-1228,Meridian Healthcare,Contract Research Organisation,London,Oleochemicals / Lubricants,Distributor,Closed Won,3600.0,6,43,100,2023-11-16,1.0
NHC-1003,Calibra Medical,Retail Pharmacy Chain,Netherlands,Oleochemicals / Lubricants,Website Enquiry,Contacted,34700.0,2,6,21,2023-11-16,
NHC-1237,Pinnacle Formulations,CDMO / Generic Manufacturer,London,Oleochemicals / Lubricants,LinkedIn Outreach,Prospect,91800.0,0,0,15,2023-11-19,
NHC-1073,Clarix Chemicals,Retail Pharmacy Chain,North West England,Film Coating Excipients,LinkedIn Outreach,Prospect,23500.0,1,0,11,2023-11-19,
NHC-1027,Orbis Labs,Hospital Pharmacy,Germany,Organic Chemicals / Binders,Cold Email,Contacted,8700.0,2,4,17,2023-11-21,
NHC-1086,Pinnacle Sciences,Hospital Pharmacy,London,Oleochemicals / Lubricants,Website Enquiry,Contacted,16200.0,1,9,26,2023-11-22,
NHC-1021,Pinnacle API Ltd,Nutraceutical Producer,Midlands,Oleochemicals / Lubricants,Cold Email,Contacted,21400.0,2,5,21,2023-11-22,
NHC-1111,Fortis Nutraceuticals,Hospital Pharmacy,Scotland,Oleochemicals / Lubricants,Cold Email,Closed Won,17100.0,4,37,100,2023-11-24,1.0
NHC-1238,Fortis Biotech,Hospital Pharmacy,Republic of Ireland,Oleochemicals / Lubricants,LinkedIn Outreach,Negotiation,23100.0,3,14,60,2023-11-26,
NHC-1248,Enovis Biologics,Hospital Pharmacy,South East England,Oleochemicals / Lubricants,Trade Show,Closed Lost,10000.0,3,12,0,2023-11-26,0.0
NHC-1054,Elara Chemicals,Hospital Pharmacy,Midlands,Film Coating Excipients,Trade Show,Negotiation,28900.0,3,12,57,2023-11-29,
NHC-1063,Fortis Pharma,Nutraceutical Producer,Yorkshire,Oleochemicals / Lubricants,Referral,Closed Lost,21200.0,5,28,3,2023-11-29,0.0
NHC-1020,Clarix Labs,Licensed Specials Manufacturer,Germany,Mixed Excipient Bundle,LinkedIn Outreach,Contacted,40700.0,1,4,24,2023-11-30,
NHC-1064,Helix Medical,CDMO / Generic Manufacturer,South East England,Mixed Excipient Bundle,Distributor,Closed Won,34300.0,3,41,98,2023-12-03,1.0
NHC-1168,Solara Labs,Hospital Pharmacy,North West England,Film Coating Excipients,Website Enquiry,Prospect,23500.0,0,0,7,2023-12-04,
NHC-1179,Enovis Formulations,Nutraceutical Producer,North West England,Organic Chemicals / Binders,LinkedIn Outreach,Contacted,13900.0,1,5,15,2023-12-05,
NHC-1103,Crest Biotech,Contract Research Organisation,London,Organic Chemicals / Binders,Referral,Contacted,4500.0,2,4,20,2023-12-06,
NHC-1159,Meridian Medical,Hospital Pharmacy,London,Mixed Excipient Bundle,LinkedIn Outreach,Negotiation,12500.0,4,30,66,2023-12-07,
NHC-1039,Zenith Formulations,Licensed Specials Manufacturer,Yorkshire,Organic Chemicals / Binders,Referral,Quoted,26200.0,3,8,37,2023-12-07,
NHC-1240,Orbis Therapeutics,Licensed Specials Manufacturer,London,Organic Chemicals / Binders,LinkedIn Outreach,Closed Won,37300.0,2,24,100,2023-12-09,1.0
NHC-1130,Syntek Therapeutics,CDMO / Generic Manufacturer,Netherlands,Organic Chemicals / Binders,Website Enquiry,Closed Lost,49900.0,2,14,2,2023-12-12,0.0
NHC-1184,Forma Medical,CDMO / Generic Manufacturer,Netherlands,Film Coating Excipients,Website Enquiry,Prospect,67200.0,0,0,5,2023-12-14,
NHC-1017,Apex Medical,Nutraceutical Producer,Scotland,Organic Chemicals / Binders,Distributor,Negotiation,24000.0,3,27,63,2023-12-14,
NHC-1177,Orbis Medical,CDMO / Generic Manufacturer,Germany,Organic Chemicals / Binders,Cold Email,Quoted,50900.0,2,19,39,2023-12-19,
NHC-1244,Nexus Therapeutics,CDMO / Generic Manufacturer,London,Organic Chemicals / Binders,Distributor,Quoted,36400.0,2,16,38,2023-12-20,
NHC-1001,Fortis API Ltd,Hospital Pharmacy,Scotland,Oleochemicals / Lubricants,Trade Show,Quoted,26700.0,3,11,44,2023-12-21,
NHC-1143,Vitagen Life Sciences,Hospital Pharmacy,London,Organic Chemicals / Binders,Trade Show,Negotiation,29200.0,4,13,60,2023-12-22,
NHC-1247,Praxis Chemicals,Hospital Pharmacy,South East England,Organic Chemicals / Binders,Website Enquiry,Contacted,28900.0,1,3,19,2023-12-26,
NHC-1047,Clarix Healthcare,Retail Pharmacy Chain,North West England,Film Coating Excipients,Trade Show,Contacted,35400.0,2,8,22,2023-12-26,
NHC-1074,Apex Labs,Retail Pharmacy Chain,Yorkshire,Organic Chemicals / Binders,Trade Show,Contacted,17600.0,2,7,27,2023-12-27,
NHC-1229,Clarix API Ltd,CDMO / Generic Manufacturer,London,Organic Chemicals / Binders,Trade Show,Prospect,61700.0,0,0,17,2023-12-27,
NHC-1140,Helix Nutraceuticals,Hospital Pharmacy,North West England,Organic Chemicals / Binders,LinkedIn Outreach,Contacted,20000.0,1,8,21,2023-12-28,
NHC-1221,Vitagen Biologics,Contract Research Organisation,London,Oleochemicals / Lubricants,LinkedIn Outreach,Closed Won,13600.0,4,20,100,2023-12-29,1.0
NHC-1200,Enovis Medical,Hospital Pharmacy,Netherlands,Oleochemicals / Lubricants,Trade Show,Negotiation,14000.0,3,14,59,2023-12-29,
NHC-1199,Biopharma Chemicals,CDMO / Generic Manufacturer,Netherlands,Organic Chemicals / Binders,Website Enquiry,Contacted,68900.0,2,6,15,2023-12-30,
NHC-1083,Enovis Labs,Licensed Specials Manufacturer,Midlands,Film Coating Excipients,LinkedIn Outreach,Closed Lost,21700.0,2,32,0,2023-12-30,0.0
NHC-1141,Enovis Biotech,Hospital Pharmacy,London,Organic Chemicals / Binders,LinkedIn Outreach,Contacted,6600.0,2,9,29,2024-01-01,
NHC-1125,Kinara Sciences,CDMO / Generic Manufacturer,London,Organic Chemicals / Binders,Referral,Negotiation,36000.0,3,23,55,2024-01-02,
NHC-1129,Elara Therapeutics,Retail Pharmacy Chain,Wales,Mixed Excipient Bundle,Cold Email,Negotiation,32800.0,4,26,68,2024-01-05,
NHC-1165,Altum Biologics,Contract Research Organisation,Midlands,Film Coating Excipients,Cold Email,Closed Won,9000.0,3,32,100,2024-01-06,1.0
NHC-1076,Altum Healthcare,Contract Research Organisation,London,Mixed Excipient Bundle,Referral,Negotiation,6600.0,4,20,56,2024-01-06,
NHC-1226,Crest Sciences,CDMO / Generic Manufacturer,Scotland,Film Coating Excipients,LinkedIn Outreach,Prospect,49400.0,1,0,4,2024-01-09,
NHC-1052,Forma Labs,Licensed Specials Manufacturer,Wales,Organic Chemicals / Binders,Distributor,Closed Won,36600.0,3,36,96,2024-01-10,1.0
NHC-1155,Vantage Labs,CDMO / Generic Manufacturer,Wales,Oleochemicals / Lubricants,Website Enquiry,Quoted,80000.0,2,14,48,2024-01-13,
NHC-1157,Zenith Sciences,Hospital Pharmacy,Midlands,Film Coating Excipients,Website Enquiry,Closed Won,22400.0,5,35,100,2024-01-15,1.0
NHC-1202,Centrix Life Sciences,CDMO / Generic Manufacturer,Republic of Ireland,Film Coating Excipients,LinkedIn Outreach,Contacted,29000.0,2,4,28,2024-01-18,
NHC-1128,Vantage API Ltd,Hospital Pharmacy,Republic of Ireland,Film Coating Excipients,Trade Show,Quoted,24000.0,2,5,35,2024-01-18,
NHC-1167,Pinnacle Therapeutics,Retail Pharmacy Chain,London,Mixed Excipient Bundle,Referral,Closed Won,12100.0,4,17,94,2024-01-19,1.0
NHC-1102,Nexus Biotech,Hospital Pharmacy,Republic of Ireland,Oleochemicals / Lubricants,Trade Show,Prospect,16000.0,0,0,13,2024-01-22,
NHC-1181,Apex Formulations,Hospital Pharmacy,London,Film Coating Excipients,LinkedIn Outreach,Quoted,16900.0,2,15,36,2024-01-22,
NHC-1214,Elara Pharma,Contract Research Organisation,Wales,Film Coating Excipients,Trade Show,Prospect,15400.0,1,0,12,2024-01-22,
NHC-1154,Vitagen API Ltd,Retail Pharmacy Chain,Midlands,Film Coating Excipients,Trade Show,Negotiation,15900.0,4,13,61,2024-01-26,
NHC-1016,Centrix Healthcare,Hospital Pharmacy,Germany,Mixed Excipient Bundle,LinkedIn Outreach,Negotiation,6800.0,3,21,68,2024-01-26,
NHC-1030,Centrix Biologics,Hospital Pharmacy,Midlands,Film Coating Excipients,Trade Show,Closed Lost,5500.0,4,31,0,2024-01-28,0.0
NHC-1037,Apex Life Sciences,Nutraceutical Producer,South East England,Organic Chemicals / Binders,Referral,Contacted,24700.0,1,6,22,2024-01-29,
NHC-1040,Biopharma Sciences,CDMO / Generic Manufacturer,Wales,Film Coating Excipients,Referral,Closed Won,93500.0,3,37,96,2024-02-01,1.0
NHC-1139,Praxis Therapeutics,Retail Pharmacy Chain,London,Film Coating Excipients,Cold Email,Negotiation,11400.0,4,14,67,2024-02-01,
NHC-1005,Meridian Labs,CDMO / Generic Manufacturer,North West England,Oleochemicals / Lubricants,Cold Email,Prospect,75400.0,1,0,3,2024-02-02,
NHC-1241,Kinara Pharma,Licensed Specials Manufacturer,London,Oleochemicals / Lubricants,LinkedIn Outreach,Quoted,28100.0,3,9,40,2024-02-02,
NHC-1170,Syntek Labs,CDMO / Generic Manufacturer,North West England,Film Coating Excipients,Trade Show,Closed Won,40500.0,5,39,99,2024-02-05,1.0
NHC-1062,Solara Healthcare,Retail Pharmacy Chain,London,Film Coating Excipients,LinkedIn Outreach,Closed Lost,15500.0,5,31,0,2024-02-06,0.0
NHC-1122,Lumex Chemicals,Hospital Pharmacy,London,Oleochemicals / Lubricants,Distributor,Quoted,9500.0,3,17,36,2024-02-12,
NHC-1204,Crest Biologics,Retail Pharmacy Chain,North West England,Film Coating Excipients,LinkedIn Outreach,Negotiation,36100.0,3,15,55,2024-02-13,
NHC-1234,Helix Sciences,Retail Pharmacy Chain,North West England,Organic Chemicals / Binders,LinkedIn Outreach,Quoted,19800.0,3,19,42,2024-02-15,
NHC-1089,Pinnacle Medical,Retail Pharmacy Chain,South East England,Film Coating Excipients,Trade Show,Quoted,29400.0,2,6,40,2024-02-16,
NHC-1013,Vantage Chemicals,Contract Research Organisation,Germany,Oleochemicals / Lubricants,LinkedIn Outreach,Quoted,16500.0,2,19,47,2024-02-16,
NHC-1146,Kinara Biologics,CDMO / Generic Manufacturer,Yorkshire,Organic Chemicals / Binders,Cold Email,Negotiation,57900.0,4,21,57,2024-02-17,
NHC-1031,Orbis Biologics,Hospital Pharmacy,South East England,Organic Chemicals / Binders,Trade Show,Negotiation,9100.0,3,30,68,2024-02-18,
NHC-1098,Elara Biotech,CDMO / Generic Manufacturer,North West England,Organic Chemicals / Binders,Referral,Quoted,65100.0,3,18,34,2024-02-20,
NHC-1024,Solara Biologics,Licensed Specials Manufacturer,London,Oleochemicals / Lubricants,Trade Show,Contacted,50700.0,2,6,26,2024-02-23,
NHC-1053,Calibra Healthcare,Hospital Pharmacy,London,Organic Chemicals / Binders,Referral,Closed Won,18100.0,5,40,100,2024-02-26,1.0
NHC-1011,Altum Labs,Retail Pharmacy Chain,Germany,Organic Chemicals / Binders,LinkedIn Outreach,Quoted,11000.0,3,6,33,2024-02-27,
NHC-1236,Vantage Biotech,Licensed Specials Manufacturer,Republic of Ireland,Film Coating Excipients,Website Enquiry,Closed Won,20000.0,4,36,100,2024-02-29,1.0
NHC-1191,Fortis Formulations,Licensed Specials Manufacturer,Scotland,Oleochemicals / Lubricants,LinkedIn Outreach,Quoted,31700.0,2,9,35,2024-02-29,
NHC-1072,Zenith Medical,Contract Research Organisation,South East England,Film Coating Excipients,LinkedIn Outreach,Negotiation,17600.0,4,15,64,2024-03-02,
NHC-1162,Helix Healthcare,Hospital Pharmacy,London,Organic Chemicals / Binders,Cold Email,Closed Won,8500.0,3,23,94,2024-03-07,1.0
NHC-1142,Praxis Nutraceuticals,Hospital Pharmacy,London,Film Coating Excipients,Trade Show,Closed Lost,14500.0,5,30,0,2024-03-08,0.0
NHC-1036,Pinnacle Biologics,Hospital Pharmacy,Midlands,Oleochemicals / Lubricants,Referral,Prospect,18000.0,1,0,10,2024-03-11,
NHC-1009,Zenith Biologics,Licensed Specials Manufacturer,Germany,Organic Chemicals / Binders,LinkedIn Outreach,Quoted,20600.0,3,19,34,2024-03-12,
NHC-1080,Helix Formulations,Contract Research Organisation,Midlands,Oleochemicals / Lubricants,Website Enquiry,Closed Lost,12700.0,3,17,4,2024-03-12,0.0
NHC-1041,Enovis Healthcare,Licensed Specials Manufacturer,Netherlands,Organic Chemicals / Binders,Cold Email,Prospect,49500.0,1,0,17,2024-03-13,
NHC-1109,Nexus Nutraceuticals,Hospital Pharmacy,Yorkshire,Oleochemicals / Lubricants,LinkedIn Outreach,Negotiation,28700.0,3,14,60,2024-03-13,
NHC-1025,Apex Sciences,Retail Pharmacy Chain,Germany,Organic Chemicals / Binders,Trade Show,Quoted,17200.0,3,11,37,2024-03-14,
NHC-1213,Elara Medical,Retail Pharmacy Chain,South East England,Film Coating Excipients,Trade Show,Quoted,20100.0,3,7,35,2024-03-15,
NHC-1087,Nexus Sciences,Hospital Pharmacy,South East England,Mixed Excipient Bundle,Trade Show,Prospect,27900.0,1,0,6,2024-03-17,
NHC-1079,Vitagen Healthcare,CDMO / Generic Manufacturer,Midlands,Film Coating Excipients,Trade Show,Contacted,65400.0,1,5,18,2024-03-18,
NHC-1245,Elara Nutraceuticals,Hospital Pharmacy,Wales,Film Coating Excipients,LinkedIn Outreach,Contacted,13700.0,1,8,30,2024-03-20,
NHC-1050,Forma Sciences,Contract Research Organisation,Yorkshire,Film Coating Excipients,Distributor,Contacted,9200.0,1,10,30,2024-03-21,
NHC-1150,Orbis Nutraceuticals,CDMO / Generic Manufacturer,Scotland,Organic Chemicals / Binders,Distributor,Contacted,48200.0,2,4,18,2024-03-22,
NHC-1175,Pinnacle Pharma,Contract Research Organisation,Midlands,Film Coating Excipients,Trade Show,Closed Won,17300.0,5,15,99,2024-03-24,1.0
NHC-1148,Crest Formulations,CDMO / Generic Manufacturer,Scotland,Film Coating Excipients,Trade Show,Prospect,31400.0,1,0,15,2024-03-24,
NHC-1209,Solara Sciences,Nutraceutical Producer,Republic of Ireland,Oleochemicals / Lubricants,LinkedIn Outreach,Prospect,20200.0,1,0,11,2024-03-25,
NHC-1118,Fortis Medical,Hospital Pharmacy,South East England,Film Coating Excipients,Referral,Quoted,14000.0,2,10,41,2024-03-26,
NHC-1046,Centrix Nutraceuticals,Hospital Pharmacy,Midlands,Organic Chemicals / Binders,Website Enquiry,Negotiation,28800.0,3,18,67,2024-03-28,
NHC-1032,Orbis Sciences,CDMO / Generic Manufacturer,South East England,Film Coating Excipients,Referral,Contacted,75900.0,1,2,16,2024-03-28,
NHC-1201,Lumex Life Sciences,Contract Research Organisation,Germany,Oleochemicals / Lubricants,LinkedIn Outreach,Contacted,15800.0,1,5,27,2024-03-29,
NHC-1243,Pinnacle Chemicals,Licensed Specials Manufacturer,South East England,Organic Chemicals / Binders,Cold Email,Negotiation,53500.0,3,12,65,2024-03-29,
NHC-1147,Syntek Sciences,Licensed Specials Manufacturer,Germany,Film Coating Excipients,Website Enquiry,Negotiation,26800.0,4,24,63,2024-03-31,
NHC-1117,Kinara Therapeutics,Nutraceutical Producer,North West England,Oleochemicals / Lubricants,LinkedIn Outreach,Closed Won,7900.0,2,23,99,2024-04-01,1.0
NHC-1114,Meridian Pharma,Retail Pharmacy Chain,London,Organic Chemicals / Binders,Cold Email,Prospect,38900.0,1,0,3,2024-04-01,
NHC-1239,Pinnacle Life Sciences,Hospital Pharmacy,Germany,Oleochemicals / Lubricants,Website Enquiry,Quoted,27500.0,2,5,45,2024-04-03,
NHC-1152,Kinara Medical,CDMO / Generic Manufacturer,South East England,Organic Chemicals / Binders,LinkedIn Outreach,Contacted,56100.0,2,4,21,2024-04-07,
NHC-1193,Apex Therapeutics,CDMO / Generic Manufacturer,Germany,Film Coating Excipients,LinkedIn Outreach,Negotiation,80900.0,4,14,68,2024-04-08,
NHC-1067,Apex Pharma,Retail Pharmacy Chain,Germany,Oleochemicals / Lubricants,Trade Show,Negotiation,40000.0,3,12,58,2024-04-08,
NHC-1222,Forma Biotech,CDMO / Generic Manufacturer,London,Film Coating Excipients,Trade Show,Prospect,21100.0,1,0,12,2024-04-08,
NHC-1092,Zenith Life Sciences,Nutraceutical Producer,South East England,Film Coating Excipients,Trade Show,Closed Won,25700.0,5,23,94,2024-04-11,1.0
NHC-1088,Altum Medical,Hospital Pharmacy,Scotland,Organic Chemicals / Binders,LinkedIn Outreach,Contacted,24800.0,1,10,21,2024-04-12,
NHC-1133,Altum Pharma,CDMO / Generic Manufacturer,Yorkshire,Mixed Excipient Bundle,Distributor,Negotiation,19300.0,3,13,70,2024-04-14,
NHC-1099,Meridian API Ltd,CDMO / Generic Manufacturer,South East England,Film Coating Excipients,Referral,Quoted,60500.0,3,8,37,2024-04-14,
NHC-1035,Centrix API Ltd,CDMO / Generic Manufacturer,Wales,Oleochemicals / Lubricants,Referral,Prospect,21200.0,0,0,5,2024-04-16,
NHC-1014,Zenith Therapeutics,CDMO / Generic Manufacturer,South East England,Mixed Excipient Bundle,Referral,Quoted,22400.0,2,10,39,2024-04-17,
NHC-1198,Lumex Medical,Retail Pharmacy Chain,Scotland,Film Coating Excipients,Website Enquiry,Closed Won,24700.0,5,36,100,2024-04-18,1.0
NHC-1207,Solara Medical,CDMO / Generic Manufacturer,South East England,Oleochemicals / Lubricants,LinkedIn Outreach,Negotiation,58100.0,3,13,69,2024-04-18,
NHC-1220,Syntek Life Sciences,CDMO / Generic Manufacturer,Wales,Film Coating Excipients,Trade Show,Contacted,25900.0,1,6,24,2024-04-18,
NHC-1010,Vitagen Pharma,Licensed Specials Manufacturer,Yorkshire,Film Coating Excipients,LinkedIn Outreach,Prospect,21800.0,0,0,6,2024-04-20,
NHC-1219,Centrix Medical,Hospital Pharmacy,Scotland,Film Coating Excipients,LinkedIn Outreach,Contacted,22800.0,1,3,15,2024-04-24,
NHC-1110,Nexus Biologics,Licensed Specials Manufacturer,Wales,Mixed Excipient Bundle,Website Enquiry,Negotiation,17900.0,4,15,64,2024-04-26,
NHC-1135,Pinnacle Healthcare,CDMO / Generic Manufacturer,Midlands,Organic Chemicals / Binders,LinkedIn Outreach,Prospect,56500.0,0,0,17,2024-04-27,
NHC-1059,Praxis Biologics,Nutraceutical Producer,London,Organic Chemicals / Binders,LinkedIn Outreach,Closed Lost,15100.0,3,34,7,2024-04-28,0.0
NHC-1161,Lumex Biotech,CDMO / Generic Manufacturer,Midlands,Oleochemicals / Lubricants,LinkedIn Outreach,Contacted,47500.0,1,2,20,2024-04-28,
NHC-1227,Calibra Chemicals,Retail Pharmacy Chain,Yorkshire,Oleochemicals / Lubricants,LinkedIn Outreach,Closed Lost,20600.0,4,33,1,2024-04-30,0.0
NHC-1232,Centrix Chemicals,Licensed Specials Manufacturer,Germany,Film Coating Excipients,LinkedIn Outreach,Prospect,45100.0,1,0,13,2024-05-05,
NHC-1049,Biopharma API Ltd,Contract Research Organisation,Midlands,Oleochemicals / Lubricants,LinkedIn Outreach,Closed Lost,6600.0,3,11,6,2024-05-09,0.0
NHC-1033,Apex Nutraceuticals,Nutraceutical Producer,Yorkshire,Oleochemicals / Lubricants,Distributor,Prospect,9400.0,0,0,7,2024-05-15,
NHC-1055,Lumex Therapeutics,Hospital Pharmacy,Scotland,Mixed Excipient Bundle,LinkedIn Outreach,Closed Won,14400.0,4,17,100,2024-05-16,1.0
NHC-1105,Syntek API Ltd,Licensed Specials Manufacturer,London,Film Coating Excipients,LinkedIn Outreach,Contacted,29300.0,1,10,16,2024-05-18,
NHC-1169,Praxis Labs,Contract Research Organisation,Republic of Ireland,Organic Chemicals / Binders,Distributor,Negotiation,9200.0,3,26,59,2024-05-19,
NHC-1189,Centrix Labs,CDMO / Generic Manufacturer,South East England,Film Coating Excipients,Cold Email,Negotiation,60600.0,4,19,55,2024-05-20,
NHC-1095,Clarix Life Sciences,Retail Pharmacy Chain,Midlands,Organic Chemicals / Binders,Referral,Quoted,38400.0,2,16,40,2024-05-20,
NHC-1075,Nexus Chemicals,CDMO / Generic Manufacturer,Midlands,Oleochemicals / Lubricants,Referral,Closed Won,19400.0,3,18,92,2024-05-20,1.0
NHC-1121,Lumex Biologics,Nutraceutical Producer,Midlands,Organic Chemicals / Binders,Referral,Prospect,6500.0,0,0,4,2024-05-23,
NHC-1019,Apex Healthcare,Retail Pharmacy Chain,South East England,Oleochemicals / Lubricants,Referral,Quoted,10400.0,3,9,41,2024-05-25,
NHC-1051,Praxis API Ltd,Retail Pharmacy Chain,London,Film Coating Excipients,Cold Email,Closed Won,24200.0,3,32,100,2024-05-27,1.0
NHC-1235,Centrix Formulations,CDMO / Generic Manufacturer,Netherlands,Organic Chemicals / Binders,Trade Show,Negotiation,61900.0,4,22,70,2024-05-27,
NHC-1136,Clarix Pharma,Licensed Specials Manufacturer,Germany,Oleochemicals / Lubricants,Trade Show,Quoted,19700.0,2,17,39,2024-05-27,
NHC-1070,Solara Chemicals,Nutraceutical Producer,North West England,Organic Chemicals / Binders,Referral,Contacted,13800.0,2,6,20,2024-06-03,
NHC-1093,Praxis Healthcare,Retail Pharmacy Chain,London,Organic Chemicals / Binders,Website Enquiry,Quoted,10600.0,3,10,33,2024-06-04,
NHC-1217,Clarix Nutraceuticals,CDMO / Generic Manufacturer,North West England,Organic Chemicals / Binders,LinkedIn Outreach,Closed Lost,64700.0,5,18,1,2024-06-07,0.0
NHC-1071,Solara API Ltd,CDMO / Generic Manufacturer,North West England,Oleochemicals / Lubricants,Trade Show,Quoted,39400.0,2,5,41,2024-06-07,
NHC-1061,Syntek Healthcare,Licensed Specials Manufacturer,Wales,Film Coating Excipients,Trade Show,Negotiation,41000.0,4,30,63,2024-06-08,
NHC-1166,Crest Pharma,Hospital Pharmacy,Wales,Organic Chemicals / Binders,Cold Email,Contacted,11100.0,2,2,18,2024-06-09,
NHC-1100,Fortis Labs,CDMO / Generic Manufacturer,Germany,Film Coating Excipients,Distributor,Quoted,66900.0,3,7,36,2024-06-10,
NHC-1113,Elara Sciences,Licensed Specials Manufacturer,Midlands,Film Coating Excipients,Referral,Contacted,52100.0,1,5,21,2024-06-11,
NHC-1101,Nexus Pharma,CDMO / Generic Manufacturer,Yorkshire,Mixed Excipient Bundle,Trade Show,Closed Lost,24300.0,3,17,1,2024-06-12,0.0
NHC-1048,Clarix Formulations,Licensed Specials Manufacturer,Netherlands,Organic Chemicals / Binders,Referral,Closed Lost,31900.0,3,16,0,2024-06-14,0.0
NHC-1218,Forma Biologics,Hospital Pharmacy,London,Organic Chemicals / Binders,Cold Email,Negotiation,28400.0,3,14,59,2024-06-15,
NHC-1043,Altum Sciences,Retail Pharmacy Chain,Midlands,Mixed Excipient Bundle,Trade Show,Quoted,26200.0,2,13,37,2024-06-16,
NHC-1078,Vitagen Therapeutics,Retail Pharmacy Chain,Germany,Organic Chemicals / Binders,Distributor,Contacted,12800.0,2,6,30,2024-06-19,
NHC-1151,Biopharma Biotech,Licensed Specials Manufacturer,South East England,Film Coating Excipients,Trade Show,Prospect,36700.0,1,0,11,2024-06-21,
NHC-1172,Forma Therapeutics,Retail Pharmacy Chain,London,Mixed Excipient Bundle,Website Enquiry,Quoted,22700.0,2,7,45,2024-06-22,
NHC-1197,Apex API Ltd,Nutraceutical Producer,Yorkshire,Oleochemicals / Lubricants,Trade Show,Contacted,27300.0,1,4,23,2024-06-27,
NHC-1206,Vitagen Sciences,CDMO / Generic Manufacturer,London,Organic Chemicals / Binders,LinkedIn Outreach,Negotiation,77400.0,3,13,66,2024-06-30,
NHC-1068,Biopharma Formulations,CDMO / Generic Manufacturer,South East England,Organic Chemicals / Binders,Referral,Contacted,40700.0,1,10,27,2024-07-01,
NHC-1108,Altum Nutraceuticals,Hospital Pharmacy,Scotland,Film Coating Excipients,Website Enquiry,Contacted,12700.0,2,5,30,2024-07-01,
NHC-1015,Helix Chemicals,Licensed Specials Manufacturer,Netherlands,Organic Chemicals / Binders,Referral,Prospect,40300.0,0,0,11,2024-07-08,
NHC-1082,Forma Healthcare,Nutraceutical Producer,South East England,Oleochemicals / Lubricants,Cold Email,Prospect,12800.0,0,0,18,2024-07-09,
NHC-1123,Zenith Labs,Retail Pharmacy Chain,South East England,Film Coating Excipients,Referral,Quoted,34700.0,3,18,39,2024-07-10,
NHC-1144,Calibra Biologics,Hospital Pharmacy,North West England,Oleochemicals / Lubricants,Referral,Closed Lost,10200.0,2,15,0,2024-07-10,0.0
NHC-1056,Fortis Life Sciences,Hospital Pharmacy,South East England,Mixed Excipient Bundle,LinkedIn Outreach,Quoted,11400.0,3,10,41,2024-07-12,
NHC-1058,Crest Nutraceuticals,Nutraceutical Producer,Wales,Oleochemicals / Lubricants,Distributor,Closed Won,23600.0,4,35,100,2024-07-13,1.0
NHC-1006,Orbis Chemicals,Nutraceutical Producer,London,Film Coating Excipients,Cold Email,Quoted,19100.0,2,13,41,2024-07-14,
NHC-1138,Crest Therapeutics,Contract Research Organisation,South East England,Organic Chemicals / Binders,Website Enquiry,Quoted,11300.0,2,7,39,2024-07-14,
NHC-1044,Nexus Labs,Hospital Pharmacy,London,Organic Chemicals / Binders,Cold Email,Quoted,12200.0,2,13,38,2024-07-17,
NHC-1208,Forma Chemicals,CDMO / Generic Manufacturer,London,Film Coating Excipients,Referral,Contacted,40700.0,1,9,16,2024-07-18,
NHC-1029,Praxis Formulations,Retail Pharmacy Chain,North West England,Organic Chemicals / Binders,Trade Show,Prospect,10600.0,1,0,12,2024-07-21,
NHC-1134,Orbis Healthcare,CDMO / Generic Manufacturer,London,Organic Chemicals / Binders,Website Enquiry,Contacted,46700.0,1,5,15,2024-07-22,
NHC-1090,Praxis Biotech,Retail Pharmacy Chain,South East England,Film Coating Excipients,LinkedIn Outreach,Negotiation,9400.0,4,14,68,2024-07-22,
NHC-1126,Elara Life Sciences,Hospital Pharmacy,Yorkshire,Oleochemicals / Lubricants,LinkedIn Outreach,Negotiation,6200.0,4,14,59,2024-07-22,
NHC-1057,Orbis Life Sciences,Retail Pharmacy Chain,Midlands,Film Coating Excipients,Website Enquiry,Prospect,11400.0,1,0,3,2024-07-24,
NHC-1145,Enovis Nutraceuticals,Retail Pharmacy Chain,Scotland,Oleochemicals / Lubricants,LinkedIn Outreach,Closed Lost,20800.0,2,15,3,2024-07-25,0.0
NHC-1186,Zenith Healthcare,Licensed Specials Manufacturer,South East England,Mixed Excipient Bundle,LinkedIn Outreach,Prospect,35500.0,1,0,15,2024-07-26,
NHC-1180,Pinnacle Biotech,Retail Pharmacy Chain,Netherlands,Organic Chemicals / Binders,Distributor,Contacted,15600.0,1,7,29,2024-07-26,
NHC-1195,Vantage Pharma,Licensed Specials Manufacturer,Republic of Ireland,Organic Chemicals / Binders,Referral,Prospect,22700.0,1,0,18,2024-07-26,
NHC-1023,Kinara Healthcare,CDMO / Generic Manufacturer,Midlands,Oleochemicals / Lubricants,Trade Show,Quoted,47700.0,2,5,38,2024-07-28,
NHC-1182,Altum API Ltd,Retail Pharmacy Chain,Republic of Ireland,Oleochemicals / Lubricants,Distributor,Contacted,28500.0,1,10,19,2024-07-28,
NHC-1132,Nexus API Ltd,CDMO / Generic Manufacturer,Germany,Mixed Excipient Bundle,Distributor,Quoted,18500.0,2,5,43,2024-07-28,
NHC-1156,Vitagen Biotech,Contract Research Organisation,Scotland,Film Coating Excipients,Distributor,Closed Won,13500.0,3,30,100,2024-07-30,1.0
NHC-1034,Lumex Healthcare,Hospital Pharmacy,Netherlands,Oleochemicals / Lubricants,Cold Email,Prospect,19500.0,1,0,9,2024-08-01,
NHC-1081,Helix Therapeutics,Licensed Specials Manufacturer,South East England,Organic Chemicals / Binders,Website Enquiry,Negotiation,16100.0,4,12,58,2024-08-05,
NHC-1028,Calibra Nutraceuticals,Hospital Pharmacy,Republic of Ireland,Oleochemicals / Lubricants,Distributor,Quoted,25400.0,2,19,40,2024-08-15,
NHC-1242,Lumex Nutraceuticals,Licensed Specials Manufacturer,North West England,Organic Chemicals / Binders,Referral,Closed Lost,26800.0,2,14,8,2024-08-17,0.0
NHC-1084,Calibra Pharma,Hospital Pharmacy,London,Film Coating Excipients,Cold Email,Negotiation,15300.0,4,27,69,2024-08-20,
NHC-1091,Lumex Formulations,CDMO / Generic Manufacturer,London,Oleochemicals / Lubricants,Website Enquiry,Contacted,48700.0,1,5,15,2024-08-20,
NHC-1223,Vantage Medical,Hospital Pharmacy,Netherlands,Organic Chemicals / Binders,Website Enquiry,Prospect,13300.0,0,0,2,2024-08-20,
NHC-1119,Meridian Life Sciences,Retail Pharmacy Chain,Yorkshire,Mixed Excipient Bundle,Trade Show,Contacted,12900.0,2,10,16,2024-08-22,
NHC-1246,Centrix Sciences,CDMO / Generic Manufacturer,London,Film Coating Excipients,Distributor,Closed Won,71500.0,5,43,92,2024-08-22,1.0
NHC-1112,Solara Nutraceuticals,Licensed Specials Manufacturer,South East England,Mixed Excipient Bundle,Website Enquiry,Contacted,41100.0,2,4,16,2024-08-30,
NHC-1153,Zenith API Ltd,Licensed Specials Manufacturer,South East England,Organic Chemicals / Binders,LinkedIn Outreach,Quoted,44900.0,3,16,33,2024-08-31,
NHC-1066,Zenith Chemicals,Nutraceutical Producer,South East England,Film Coating Excipients,LinkedIn Outreach,Prospect,17600.0,1,0,3,2024-09-02,
NHC-1173,Praxis Life Sciences,Retail Pharmacy Chain,London,Film Coating Excipients,Website Enquiry,Closed Lost,16700.0,2,22,6,2024-09-03,0.0
NHC-1178,Orbis Biotech,Retail Pharmacy Chain,North West England,Oleochemicals / Lubricants,Referral,Prospect,21400.0,1,0,13,2024-09-04,
NHC-1163,Kinara Nutraceuticals,CDMO / Generic Manufacturer,Yorkshire,Oleochemicals / Lubricants,Trade Show,Closed Lost,57200.0,3,15,7,2024-09-05,0.0
NHC-1038,Elara API Ltd,Hospital Pharmacy,North West England,Film Coating Excipients,LinkedIn Outreach,Contacted,11000.0,2,2,21,2024-09-09,
NHC-1106,Biopharma Healthcare,Licensed Specials Manufacturer,Midlands,Organic Chemicals / Binders,Website Enquiry,Negotiation,17500.0,4,14,70,2024-09-10,
NHC-1097,Elara Formulations,Contract Research Organisation,Republic of Ireland,Mixed Excipient Bundle,Distributor,Negotiation,7400.0,3,13,58,2024-09-10,
NHC-1065,Biopharma Pharma,Hospital Pharmacy,Republic of Ireland,Film Coating Excipients,Cold Email,Closed Won,11900.0,4,19,100,2024-09-12,1.0
NHC-1149,Apex Biologics,Licensed Specials Manufacturer,Wales,Oleochemicals / Lubricants,Trade Show,Quoted,21200.0,2,10,46,2024-09-13,
NHC-1085,Lumex API Ltd,Nutraceutical Producer,London,Oleochemicals / Lubricants,Referral,Quoted,14400.0,2,13,43,2024-09-14,
NHC-1233,Kinara Formulations,Licensed Specials Manufacturer,Germany,Organic Chemicals / Binders,Website Enquiry,Prospect,15900.0,0,0,6,2024-09-16,
NHC-1004,Clarix Therapeutics,CDMO / Generic Manufacturer,Midlands,Mixed Excipient Bundle,Cold Email,Quoted,82900.0,2,17,42,2024-09-16,
NHC-1230,Calibra Therapeutics,Contract Research Organisation,South East England,Oleochemicals / Lubricants,LinkedIn Outreach,Contacted,12200.0,2,7,21,2024-09-17,
NHC-1183,Forma Nutraceuticals,Licensed Specials Manufacturer,Wales,Film Coating Excipients,LinkedIn Outreach,Prospect,28800.0,1,0,4,2024-09-18,
NHC-1176,Fortis Healthcare,CDMO / Generic Manufacturer,Republic of Ireland,Organic Chemicals / Binders,Cold Email,Negotiation,19700.0,4,20,68,2024-09-18,
NHC-1008,Lumex Labs,Nutraceutical Producer,Yorkshire,Organic Chemicals / Binders,LinkedIn Outreach,Contacted,7300.0,2,3,19,2024-09-21,
NHC-1194,Calibra Labs,Retail Pharmacy Chain,South East England,Oleochemicals / Lubricants,Referral,Prospect,37200.0,1,0,18,2024-09-24,
NHC-1174,Calibra Sciences,Licensed Specials Manufacturer,London,Organic Chemicals / Binders,Cold Email,Quoted,48700.0,3,11,39,2024-09-27,
NHC-1002,Elara Healthcare,CDMO / Generic Manufacturer,Republic of Ireland,Organic Chemicals / Binders,Website Enquiry,Negotiation,92900.0,4,12,61,2024-09-28,
NHC-1185,Altum Life Sciences,Retail Pharmacy Chain,London,Organic Chemicals / Binders,Trade Show,Prospect,36200.0,0,0,3,2024-09-28,
NHC-1018,Enovis Sciences,Hospital Pharmacy,Scotland,Film Coating Excipients,Cold Email,Contacted,27600.0,2,6,18,2024-09-28,
